missing_headers,sensitive_paths,sql_indicators,xss_indicators,https_disabled,server_disclosure,risk
1,0,0,1,0,1,Medium
4,6,1,3,1,1,Critical
3,5,2,1,0,0,Critical
5,0,0,2,0,1,High
0,1,0,0,0,0,Low
0,2,0,1,0,1,Medium
1,2,1,1,0,0,High
1,1,0,0,1,0,Low
1,1,0,0,0,1,Low
0,3,0,4,1,1,Critical
1,2,0,0,0,0,Medium
0,0,2,1,1,1,High
4,0,0,1,1,1,Medium
6,0,2,4,1,0,Critical
3,2,1,0,0,0,High
2,6,2,1,0,0,Critical
0,3,2,1,1,1,Critical
0,5,4,4,1,0,Critical
0,2,2,0,1,1,High
0,1,0,0,1,1,Low
3,0,1,0,0,0,Medium
4,0,0,0,0,1,Low
3,1,0,0,1,1,Medium
2,3,0,1,1,1,High
0,2,0,0,1,1,Low
4,0,0,0,0,0,Low
6,2,0,1,0,0,High
3,1,1,1,0,0,High
0,2,0,0,1,1,Low
0,2,0,0,1,0,Low
2,3,0,0,1,0,Medium
0,5,0,1,0,0,High
4,2,0,0,1,1,Medium
0,4,0,4,0,0,Critical
5,4,0,0,0,0,High
1,4,3,2,0,0,Critical
0,5,0,1,1,0,High
1,3,0,0,1,1,Medium
1,0,1,1,1,1,High
0,2,0,0,0,1,Low
0,0,1,0,0,0,Medium
1,0,0,0,0,1,Low
6,3,2,0,0,1,Critical
1,0,0,2,1,0,Medium
0,6,0,4,0,0,Critical
3,1,1,0,0,0,High
0,0,0,1,0,0,Low
4,3,1,2,1,1,Critical
0,2,4,2,1,0,Critical
2,1,2,0,1,0,High
4,1,0,2,0,1,High
0,2,0,0,0,1,Low
4,1,0,0,0,0,Medium
4,4,0,3,0,0,Critical
0,0,1,0,0,0,Medium
4,0,1,1,0,1,High
0,2,0,2,1,1,High
1,4,0,0,0,0,Medium
4,0,0,2,0,0,High
1,0,0,2,1,1,Medium
5,2,0,0,0,0,Medium
0,1,0,0,0,1,Low
5,1,0,0,0,1,Medium
5,0,0,2,0,1,High
0,0,0,1,1,1,Low
0,2,0,0,1,1,Low
1,0,0,0,1,1,Low
1,1,0,0,0,0,Low
0,3,0,4,1,0,Critical
6,6,0,0,1,1,Critical
0,1,1,3,1,0,Critical
6,0,0,2,0,1,High
2,1,0,0,0,0,Low
2,3,4,2,1,1,Critical
2,1,0,0,1,1,Low
3,0,0,1,1,0,Medium
2,2,2,2,0,0,Critical
2,1,0,0,1,0,Low
5,2,1,0,0,0,High
5,0,4,0,1,1,Critical
0,5,2,0,0,0,Critical
1,4,0,0,1,0,Medium
0,0,4,1,1,0,Critical
1,1,0,0,0,0,Low
4,2,0,0,0,0,Medium
4,5,4,1,0,0,Critical
4,0,0,0,1,1,Low
2,1,0,0,0,1,Low
4,4,0,0,0,1,High
6,2,2,0,0,0,Critical
2,0,2,0,1,1,High
0,2,0,0,0,0,Low
5,0,1,1,0,0,High
4,0,0,0,0,1,Low
2,4,0,0,1,1,High
4,2,1,0,0,0,High
0,0,0,0,0,0,Low
1,2,0,2,0,1,High
1,0,0,0,1,0,Low
0,6,0,0,0,0,High
2,1,0,0,0,0,Low
4,1,0,0,1,0,Medium
1,3,1,0,0,1,High
0,0,0,1,1,0,Low
5,6,1,0,1,0,Critical
2,1,0,0,1,1,Low
2,4,4,3,1,1,Critical
4,4,1,0,0,1,Critical
0,4,0,1,1,1,High
0,0,1,0,0,0,Medium
1,1,1,0,1,1,Medium
0,1,0,0,1,0,Low
3,2,1,0,0,1,High
5,1,3,2,0,0,Critical
0,2,1,0,0,1,Medium
2,1,0,2,0,0,High
2,2,0,0,1,1,Medium
0,6,0,3,1,0,Critical
2,1,0,0,1,0,Low
1,0,0,0,0,1,Low
2,0,1,0,1,1,Medium
1,1,0,0,0,0,Low
5,1,1,0,1,0,High
4,0,0,0,1,0,Low
5,4,0,1,0,0,Critical
6,0,0,2,0,1,High
1,1,1,0,0,0,Medium
2,1,0,1,0,1,Medium
5,0,2,4,1,0,Critical
1,1,1,4,0,1,Critical
0,3,1,0,1,0,High
0,0,0,2,0,0,Medium
0,0,0,2,0,0,Medium
4,5,1,0,1,0,Critical
2,1,0,1,1,0,Medium
0,1,0,0,0,1,Low
2,6,1,0,0,0,Critical
5,2,0,0,0,1,Medium
3,0,2,0,1,1,High
4,2,0,0,0,0,Medium
0,3,0,0,0,1,Medium
1,4,3,1,0,0,Critical
2,6,1,0,0,1,Critical
4,0,0,1,0,1,Medium
6,1,1,0,0,0,High
0,5,1,0,1,0,Critical
0,0,0,1,0,0,Low
0,1,0,2,1,0,High
5,0,0,2,0,0,High
3,3,0,1,0,0,High
1,1,0,2,0,1,High
6,1,1,0,1,1,High
6,2,0,0,1,0,High
5,3,0,4,0,1,Critical
3,2,1,2,0,0,Critical
4,0,1,3,0,0,Critical
4,1,0,4,1,1,Critical
0,5,3,0,1,0,Critical
0,4,1,0,1,0,High
4,0,0,0,0,0,Low
0,1,0,1,0,0,Medium
6,4,3,3,0,1,Critical
0,1,0,1,0,1,Medium
2,1,0,0,0,0,Low
4,3,4,2,1,1,Critical
1,2,0,1,1,0,Medium
4,4,4,2,0,1,Critical
0,0,2,1,1,1,High
3,0,0,1,1,1,Medium
6,1,1,0,1,1,High
1,0,2,0,0,1,High
1,0,0,0,1,0,Low
1,0,0,0,0,1,Low
6,2,0,0,0,1,High
4,0,0,0,1,1,Low
0,5,2,1,0,1,Critical
2,0,0,0,1,1,Low
5,0,0,0,1,0,Medium
0,0,0,0,0,1,Low
6,6,0,3,0,1,Critical
4,0,0,0,1,0,Low
5,0,2,3,0,1,Critical
1,0,0,1,0,1,Medium
1,1,1,0,0,0,Medium
2,3,2,4,1,1,Critical
0,3,0,1,1,0,High
0,1,4,0,1,1,Critical
3,0,0,1,0,1,Medium
0,0,0,1,0,1,Low
0,0,0,2,0,0,Medium
0,4,0,0,1,1,Medium
5,2,0,0,0,1,Medium
0,0,0,1,1,0,Low
5,1,2,0,1,1,Critical
4,4,2,0,0,1,Critical
0,0,1,1,1,0,Medium
5,2,1,4,0,0,Critical
2,0,3,4,0,1,Critical
4,1,1,0,0,0,High
1,2,0,1,0,1,Medium
0,0,0,0,1,0,Low
1,0,0,0,0,0,Low
0,1,0,2,1,0,High
6,3,0,0,0,0,High
1,1,0,1,0,0,Medium
2,0,0,0,1,1,Low
0,1,0,1,1,1,Medium
3,0,2,2,0,1,Critical
2,0,4,1,1,0,Critical
0,4,1,0,0,1,High
1,1,2,0,1,1,High
1,4,0,0,0,1,Medium
1,0,0,3,0,1,High
3,0,1,0,0,1,Medium
0,4,4,3,1,0,Critical
5,2,0,1,1,1,High
4,2,0,1,0,1,High
0,0,0,1,0,0,Low
1,2,0,2,0,1,High
0,0,2,0,1,1,High
3,4,1,1,0,0,Critical
1,1,0,1,0,1,Medium
2,1,1,4,0,1,Critical
3,0,1,1,0,1,High
0,0,2,2,1,1,Critical
3,4,0,0,1,1,High
1,0,0,2,1,0,Medium
3,1,0,1,0,0,Medium
4,4,0,0,0,1,High
6,0,0,0,0,1,Medium
2,0,0,1,1,0,Medium
1,5,0,3,1,1,Critical
3,1,0,1,1,0,Medium
4,2,2,0,0,0,Critical
6,3,1,4,1,0,Critical
0,4,0,1,0,1,High
1,0,1,0,1,0,Medium
3,1,0,1,0,0,Medium
4,0,0,1,1,0,Medium
3,0,0,2,0,0,High
1,3,0,1,0,0,High
2,1,1,4,1,1,Critical
3,0,0,1,0,1,Medium
4,0,0,0,0,1,Low
6,2,4,0,1,1,Critical
2,2,4,3,0,0,Critical
1,1,0,1,1,0,Medium
2,1,1,0,0,1,Medium
3,2,0,0,0,0,Medium
0,1,0,1,0,1,Medium
0,3,1,0,1,1,High
4,3,2,1,0,0,Critical
2,6,0,3,0,0,Critical
2,0,0,1,0,0,Medium
4,2,1,0,0,0,High
2,4,0,1,1,0,High
4,1,1,0,0,1,High
3,3,4,2,1,0,Critical
3,1,2,4,0,0,Critical
0,2,0,0,1,1,Low
2,2,0,0,1,0,Medium
0,3,0,2,0,0,High
3,0,2,0,1,1,High
1,2,0,1,0,0,Medium
1,0,0,0,1,1,Low
6,1,0,1,1,0,High
0,4,0,1,0,1,High
2,1,0,0,1,0,Low
6,1,0,0,1,0,Medium
2,3,0,0,1,1,Medium
1,1,0,0,0,0,Low
0,5,4,3,1,0,Critical
2,6,0,0,1,1,High
1,1,1,0,1,1,Medium
0,1,1,0,1,0,Medium
5,5,4,0,1,1,Critical
6,0,1,2,0,1,Critical
1,1,1,1,0,1,High
3,2,0,1,1,1,High
0,0,0,2,1,0,Medium
0,2,1,0,1,0,Medium
2,0,0,0,1,0,Low
0,1,0,2,0,1,High
2,0,0,0,0,0,Low
5,0,0,1,0,1,Medium
0,0,1,0,1,0,Medium
4,1,0,0,1,1,Medium
2,2,0,0,0,1,Medium
0,0,1,0,0,0,Medium
3,2,0,0,1,1,Medium
4,2,0,4,0,0,Critical
0,0,0,0,1,0,Low
1,1,0,0,0,0,Low
3,0,1,0,1,1,Medium
0,1,0,0,0,1,Low
2,0,1,1,0,0,High
2,1,0,1,1,0,Medium
2,0,2,1,0,1,Critical
2,0,0,1,0,0,Medium
0,0,0,1,0,0,Low
2,0,1,0,0,0,Medium
2,3,0,1,0,0,High
0,1,0,3,1,0,High
3,1,1,0,1,1,High
5,0,4,4,1,1,Critical
0,0,0,1,1,0,Low
5,2,4,4,1,0,Critical
5,1,1,0,0,1,High
3,0,0,0,0,1,Low
0,2,0,1,1,0,Medium
0,1,2,0,1,0,High
2,0,0,0,0,1,Low
1,0,0,0,1,0,Low
0,0,0,1,1,0,Low
2,0,0,0,1,1,Low
4,0,0,0,0,0,Low
3,1,0,1,1,1,Medium
2,0,0,1,1,0,Medium
1,0,0,1,0,0,Medium
2,0,0,0,1,0,Low
6,1,0,0,1,1,Medium
2,6,2,0,1,1,Critical
3,4,0,0,0,1,High
0,3,0,2,0,1,High
6,6,4,0,1,1,Critical
2,1,0,1,0,0,Medium
3,1,0,0,0,0,Medium
5,1,0,0,0,0,Medium
2,4,2,2,0,0,Critical
2,0,0,0,1,1,Low
1,3,0,1,1,0,High
0,0,0,0,0,1,Low
3,2,3,2,1,1,Critical
3,2,1,0,1,1,High
0,1,0,0,1,0,Low
2,1,0,0,1,1,Low
0,2,0,0,1,1,Low
0,0,0,1,0,0,Low
0,0,0,1,0,1,Low
4,1,1,0,1,1,High
0,2,0,1,1,1,Medium
1,1,0,0,1,0,Low
4,0,2,0,0,1,High
6,0,3,2,0,1,Critical
1,4,0,0,1,1,Medium
1,0,0,0,1,0,Low
2,0,0,0,0,1,Low
0,2,2,0,0,1,High
1,1,0,0,1,1,Low
2,1,0,2,1,0,High
1,1,0,0,1,1,Low
0,5,0,1,0,1,High
0,0,1,1,0,1,Medium
4,1,0,1,0,1,High
3,0,0,0,0,1,Low
1,0,0,1,0,1,Medium
5,2,0,1,1,1,High
2,3,1,0,0,0,High
3,0,0,0,0,0,Low
2,0,0,0,0,1,Low
3,6,3,2,0,1,Critical
4,0,0,0,1,0,Low
6,4,4,0,1,0,Critical
6,6,3,3,1,0,Critical
2,6,0,0,1,0,High
2,6,3,0,0,0,Critical
1,1,0,0,0,1,Low
1,3,0,0,1,1,Medium
4,0,0,1,0,0,Medium
1,4,0,0,0,0,Medium
0,0,0,1,0,0,Low
0,0,0,1,0,0,Low
0,0,1,1,0,1,Medium
2,0,0,2,0,1,High
1,1,0,0,0,1,Low
2,1,0,0,1,0,Low
0,0,0,1,1,1,Low
6,0,1,0,0,0,High
6,0,0,0,0,1,Medium
1,0,0,0,0,1,Low
6,0,2,0,1,1,Critical
0,1,0,0,1,0,Low
1,0,0,0,1,1,Low
2,2,4,4,0,1,Critical
4,0,0,0,0,1,Low
3,2,0,3,1,0,Critical
2,5,0,0,1,1,High
3,3,0,0,0,1,Medium
1,1,0,0,0,1,Low
0,0,0,0,1,1,Low
0,2,0,0,0,0,Low
2,1,1,4,0,1,Critical
1,3,2,0,0,0,Critical
1,3,0,1,1,1,High
1,4,0,1,1,0,High
0,5,0,4,1,0,Critical
2,0,0,0,0,0,Low
0,1,0,2,1,0,High
0,2,0,1,0,0,Medium
2,1,0,0,1,1,Low
0,0,2,1,0,1,High
4,0,0,0,1,1,Low
3,0,0,0,1,0,Low
3,3,2,1,1,0,Critical
5,0,0,1,0,1,Medium
4,1,0,2,0,0,High
0,2,1,0,1,1,Medium
4,5,4,4,1,1,Critical
3,1,0,0,0,1,Medium
4,2,2,0,0,1,Critical
6,0,0,0,0,0,Medium
0,1,1,0,1,1,Medium
0,2,0,1,1,0,Medium
0,1,1,0,0,1,Medium
5,6,3,0,1,0,Critical
0,0,0,1,0,1,Low
5,2,0,0,1,0,Medium
4,1,0,3,1,0,Critical
4,2,1,0,1,1,High
6,2,3,4,1,1,Critical
2,0,0,0,0,0,Low
4,2,1,0,0,0,High
4,6,2,1,0,0,Critical
1,0,1,2,1,1,High
2,6,1,1,1,0,Critical
1,1,0,0,1,0,Low
6,2,4,4,0,1,Critical
1,5,3,2,0,1,Critical
6,3,2,1,1,1,Critical
2,0,0,0,0,1,Low
0,2,0,0,0,0,Low
2,2,0,0,1,1,Medium
0,1,3,1,1,0,Critical
0,1,0,3,0,1,High
2,2,0,0,0,1,Medium
5,0,0,2,1,1,High
0,0,0,0,1,1,Low
0,3,0,2,1,0,High
4,0,0,0,1,1,Low
6,1,1,0,1,0,High
1,0,0,0,1,0,Low
2,2,0,0,0,1,Medium
1,0,3,2,0,0,Critical
3,5,4,1,0,0,Critical
0,2,0,1,1,0,Medium
2,5,4,1,0,1,Critical
5,1,0,1,1,0,High
5,6,3,0,0,1,Critical
1,1,0,2,1,0,High
4,0,0,0,0,1,Low
1,0,0,2,0,0,Medium
3,5,1,4,1,1,Critical
3,1,0,1,1,0,Medium
5,0,0,0,1,1,Medium
1,0,0,0,1,1,Low
0,2,0,0,0,1,Low
4,2,0,0,0,0,Medium
1,0,0,0,1,1,Low
5,0,3,1,0,1,Critical
6,3,3,4,0,1,Critical
0,0,0,1,0,1,Low
6,1,1,0,0,1,High
1,2,1,1,0,1,High
2,4,4,3,0,0,Critical
2,3,4,4,1,0,Critical
4,3,0,0,1,0,High
0,1,0,0,0,1,Low
0,3,1,0,1,1,High
1,5,0,0,0,0,High
1,1,0,0,1,1,Low
6,5,0,4,0,0,Critical
0,2,0,0,1,1,Low
6,4,0,3,0,0,Critical
1,3,0,0,0,0,Medium
3,2,0,4,1,0,Critical
5,2,4,2,1,0,Critical
0,2,0,1,0,1,Medium
4,0,4,1,0,1,Critical
0,2,0,0,0,1,Low
2,1,1,0,1,1,Medium
4,0,0,0,1,1,Low
0,2,0,1,0,0,Medium
3,1,0,0,1,1,Medium
4,3,0,0,1,1,High
4,0,1,0,0,0,Medium
2,1,1,0,0,1,Medium
1,0,0,0,0,0,Low
4,0,0,0,1,0,Low
0,0,1,0,0,0,Medium
3,3,0,0,1,0,Medium
2,4,0,4,1,0,Critical
1,0,0,2,0,0,Medium
5,0,0,2,1,0,High
1,1,2,0,0,1,High
5,4,0,0,1,0,High
3,5,0,1,0,0,Critical
3,0,0,2,0,0,High
0,0,0,0,1,0,Low
1,3,0,0,1,0,Medium
6,1,0,0,0,1,Medium
3,1,1,0,0,1,High
5,0,0,3,1,0,Critical
5,6,1,3,1,1,Critical
4,0,0,0,0,1,Low
0,0,2,1,0,1,High
0,0,2,0,0,0,High
3,2,0,1,1,1,High
1,1,0,0,1,1,Low
1,1,0,1,1,1,Medium
2,5,0,2,1,1,Critical
1,1,0,0,0,1,Low
3,0,1,1,1,0,High
3,0,1,0,1,0,Medium
0,5,0,0,1,1,High
1,1,1,1,0,1,High
2,3,1,1,1,0,Critical
0,1,1,0,1,1,Medium
0,0,1,0,1,0,Medium
1,0,0,0,0,0,Low
0,2,0,0,1,0,Low
3,4,2,4,1,1,Critical
5,4,1,0,0,1,Critical
1,0,0,0,0,0,Low
3,2,0,1,1,1,High
2,2,1,0,0,0,High
4,0,1,0,1,0,Medium
1,6,0,0,0,0,High
5,2,1,0,0,1,High
0,0,0,0,0,0,Low
6,0,0,0,0,1,Medium
1,2,1,1,1,0,High
4,0,0,0,1,0,Low
0,6,0,0,0,1,High
1,2,0,1,0,1,Medium
1,1,1,0,1,1,Medium
1,0,0,1,0,1,Medium
4,1,3,1,1,1,Critical
5,2,0,1,0,1,High
2,1,0,0,0,0,Low
0,1,0,0,1,0,Low
2,6,2,0,0,0,Critical
1,2,0,2,0,0,High
4,3,2,2,0,1,Critical
2,1,3,1,1,0,Critical
1,0,0,0,0,0,Low
0,0,4,0,0,0,Critical
0,3,0,2,0,0,High
2,0,0,0,1,1,Low
0,0,0,0,0,1,Low
5,1,0,3,1,0,Critical
4,0,0,0,1,0,Low
4,0,1,0,0,1,Medium
0,4,0,0,1,0,Medium
3,2,0,0,1,0,Medium
1,2,0,0,0,0,Medium
1,0,1,0,1,1,Medium
2,3,1,4,0,1,Critical
0,5,3,3,0,0,Critical
1,0,0,0,0,0,Low
2,6,3,1,0,0,Critical
2,2,0,0,1,0,Medium
1,5,3,2,1,1,Critical
3,1,1,0,0,0,High
3,2,0,0,0,0,Medium
0,5,0,0,1,1,High
4,1,0,1,1,0,High
3,6,0,4,0,0,Critical
5,3,0,0,1,1,High
0,1,0,3,0,1,High
3,1,1,0,0,1,High
1,0,1,1,0,0,High
4,1,0,2,0,1,High
2,0,0,2,1,0,High
6,2,4,1,1,0,Critical
2,1,0,0,0,1,Low
2,1,0,1,1,1,Medium
4,1,3,1,1,1,Critical
0,2,0,0,1,0,Low
3,0,0,1,1,1,Medium
0,0,2,0,1,1,High
2,1,0,0,0,0,Low
0,1,1,1,1,0,High
0,0,0,3,0,0,High
1,1,0,0,1,0,Low
3,6,2,4,1,0,Critical
0,1,0,0,0,1,Low
1,3,2,2,0,1,Critical
6,2,4,4,0,1,Critical
2,3,0,1,1,1,High
2,1,0,2,0,1,High
3,0,2,0,0,1,High
3,1,1,1,1,1,High
0,5,4,4,1,0,Critical
4,6,1,2,0,1,Critical
0,0,0,1,1,0,Low
5,0,1,1,1,0,High
0,5,1,2,1,0,Critical
0,1,0,0,1,0,Low
0,3,1,0,1,0,High
0,0,0,1,1,0,Low
2,1,0,0,0,1,Low
0,2,0,0,0,0,Low
6,0,2,1,0,0,Critical
0,0,1,0,1,0,Medium
0,2,0,0,1,1,Low
3,1,0,1,1,0,Medium
0,1,0,0,0,0,Low
1,0,0,1,0,1,Medium
3,5,2,0,0,0,Critical
0,2,0,0,0,0,Low
0,5,0,0,1,1,High
0,0,0,1,0,1,Low
3,2,0,3,1,1,Critical
0,1,0,0,1,1,Low
4,0,1,1,1,1,High
3,2,0,1,1,0,High
1,0,1,0,1,1,Medium
1,0,0,0,1,0,Low
5,0,0,2,1,1,High
0,0,0,2,1,0,Medium
1,2,0,2,0,1,High
3,1,4,0,0,0,Critical
4,0,0,0,0,1,Low
5,1,0,0,1,0,Medium
2,0,1,0,0,1,Medium
2,2,0,2,0,0,High
2,1,2,1,1,1,Critical
1,2,0,0,0,0,Medium
2,1,0,0,1,1,Low
4,1,0,1,1,1,High
1,6,0,0,0,1,High
6,6,4,3,0,0,Critical
2,1,2,0,0,1,High
5,2,2,4,1,1,Critical
4,4,3,4,0,0,Critical
2,1,0,3,0,0,Critical
3,1,0,1,1,1,Medium
3,1,0,3,0,1,Critical
1,1,0,0,0,0,Low
0,1,0,0,1,0,Low
1,0,0,0,0,0,Low
0,3,0,0,0,0,Medium
5,2,1,0,0,0,High
4,0,2,0,1,0,High
1,3,0,1,0,0,High
5,0,0,0,0,1,Medium
3,2,0,1,1,1,High
0,0,0,1,1,0,Low
0,0,0,2,0,1,Medium
1,3,0,0,0,0,Medium
2,0,0,0,1,0,Low
1,3,0,0,0,0,Medium
5,4,2,2,1,0,Critical
0,0,2,0,0,1,High
1,0,0,0,0,1,Low
1,0,0,0,1,1,Low
4,0,0,0,0,0,Low
4,2,4,0,1,0,Critical
3,0,0,0,1,1,Low
4,4,2,4,0,0,Critical
3,1,0,0,0,1,Medium
3,0,0,0,1,0,Low
0,2,0,0,0,0,Low
2,0,1,0,1,0,Medium
2,0,1,0,1,0,Medium
5,2,0,0,0,0,Medium
6,4,0,0,0,1,High
2,1,0,1,1,1,Medium
2,4,0,0,0,0,High
4,0,0,1,0,0,Medium
1,0,0,3,0,0,High
0,1,3,0,1,0,Critical
0,0,0,1,1,1,Low
1,2,0,0,0,1,Medium
6,1,0,0,1,0,Medium
0,1,0,2,1,0,High
3,3,0,0,1,0,Medium
0,0,0,1,0,1,Low
5,2,1,0,0,0,High
0,0,0,2,0,1,Medium
2,1,0,0,0,1,Low
2,1,1,1,0,1,High
2,6,0,0,1,1,High
2,1,0,0,0,0,Low
6,1,3,0,1,1,Critical
1,0,0,0,0,1,Low
0,0,2,1,0,0,High
2,0,0,0,0,0,Low
6,6,4,2,0,1,Critical
3,0,0,0,1,1,Low
3,0,0,1,0,0,Medium
0,2,1,1,0,0,High
5,4,0,0,0,1,High
1,2,1,2,1,1,Critical
1,1,0,1,1,1,Medium
2,0,1,0,0,0,Medium
6,4,1,4,0,0,Critical
3,6,3,2,1,1,Critical
3,1,1,0,0,1,High
0,0,0,0,0,0,Low
4,0,0,0,0,1,Low
1,0,0,3,0,1,High
0,1,0,1,0,1,Medium
2,1,0,1,0,0,Medium
0,1,0,3,0,0,High
0,1,3,3,1,1,Critical
3,3,0,0,0,0,Medium
5,4,0,0,1,1,High
0,0,0,0,1,1,Low
3,2,0,0,0,1,Medium
4,3,3,3,1,0,Critical
2,0,0,0,1,0,Low
1,5,0,0,1,0,High
4,1,0,0,1,0,Medium
2,2,1,0,0,1,High
0,1,0,2,1,1,High
1,3,0,0,0,0,Medium
3,1,0,2,1,0,High
0,0,1,1,0,1,Medium
5,0,1,3,0,0,Critical
2,1,0,0,0,0,Low
1,1,1,0,1,1,Medium
0,1,0,1,0,0,Medium
3,1,0,1,0,0,Medium
3,3,0,0,1,0,Medium
1,0,2,0,0,1,High
0,0,1,2,0,0,High
1,0,1,2,1,1,High
0,4,0,0,0,1,Medium
0,1,0,0,1,0,Low
4,3,0,0,1,0,High
1,3,0,0,1,0,Medium
1,0,2,0,1,1,High
1,0,0,2,0,1,Medium
4,0,0,0,1,0,Low
0,1,0,2,0,1,High
0,1,0,0,0,1,Low
3,0,0,0,0,0,Low
2,2,1,0,0,0,High
0,0,0,1,1,0,Low
4,0,0,0,0,1,Low
5,6,3,1,0,0,Critical
4,5,4,2,0,0,Critical
0,2,0,4,0,1,Critical
0,5,4,0,0,0,Critical
5,2,0,0,1,1,Medium
6,3,2,4,0,1,Critical
4,6,1,4,0,0,Critical
5,5,0,0,1,0,Critical
0,0,0,1,1,1,Low
4,0,0,0,0,1,Low
6,3,0,0,1,0,High
0,0,0,1,0,1,Low
0,0,1,0,0,0,Medium
1,4,0,0,0,1,Medium
2,1,2,0,0,0,High
1,2,0,0,0,0,Medium
2,0,0,0,0,0,Low
0,0,0,1,1,1,Low
4,0,1,0,0,1,Medium
2,2,0,0,1,1,Medium
1,1,0,0,1,0,Low
4,0,1,0,1,1,Medium
5,1,0,0,1,1,Medium
1,3,0,0,1,0,Medium
3,1,0,1,1,1,Medium
0,2,0,2,0,0,High
0,6,2,2,0,1,Critical
5,3,0,0,0,0,High
0,1,0,0,0,1,Low
2,0,2,0,0,1,High
0,0,0,1,0,1,Low
1,0,0,0,0,1,Low
1,1,0,0,0,1,Low
3,3,2,1,1,0,Critical
5,6,1,0,0,0,Critical
5,3,1,2,0,1,Critical
0,2,0,0,1,1,Low
3,0,0,0,1,1,Low
0,0,0,0,0,0,Low
5,5,0,1,0,0,Critical
0,1,0,1,0,0,Medium
1,2,0,1,0,0,Medium
3,1,0,0,0,1,Medium
2,1,0,0,1,1,Low
1,2,0,0,0,0,Medium
4,1,0,2,1,0,High
1,1,0,0,0,1,Low
4,2,1,4,0,0,Critical
3,0,1,1,0,1,High
6,2,4,0,0,1,Critical
5,3,3,0,1,1,Critical
6,4,4,4,0,0,Critical
0,1,0,4,1,1,Critical
5,4,1,2,1,1,Critical
3,0,0,0,0,0,Low
3,2,0,0,0,1,Medium
3,1,0,0,1,1,Medium
2,6,1,1,0,1,Critical
3,0,0,0,0,0,Low
1,0,0,0,0,1,Low
1,5,0,0,1,0,High
1,1,1,0,1,0,Medium
1,0,0,0,1,1,Low
1,3,0,1,1,1,High
3,0,0,1,1,1,Medium
4,2,4,2,1,1,Critical
1,5,0,0,1,1,High
2,0,1,0,0,1,Medium
4,0,0,0,0,0,Low
3,1,0,1,1,0,Medium
4,1,1,1,0,1,Critical
3,1,0,0,0,1,Medium
6,6,4,0,0,0,Critical
0,0,0,1,1,0,Low
1,1,0,0,1,1,Low
0,2,3,3,0,1,Critical
0,5,2,1,1,0,Critical
0,0,0,1,0,1,Low
2,2,2,3,1,0,Critical
2,1,0,0,1,0,Low
0,0,1,0,1,1,Medium
0,2,1,1,1,1,High
1,4,0,0,1,1,Medium
4,1,0,2,1,0,High
2,2,1,0,1,1,High
3,1,1,1,0,0,High
0,0,0,1,0,0,Low
3,2,1,1,0,1,Critical
4,1,0,2,1,1,High
2,0,1,0,0,0,Medium
2,1,1,0,1,1,Medium
1,3,2,3,1,1,Critical
0,0,0,0,1,0,Low
5,2,2,0,0,0,Critical
3,0,0,1,1,1,Medium
3,0,1,0,1,0,Medium
2,0,0,2,0,0,High
3,0,0,1,0,1,Medium
1,1,0,0,1,1,Low
0,0,0,0,1,0,Low
5,6,1,2,0,0,Critical
2,2,1,0,1,0,High
2,3,4,0,0,0,Critical
4,3,0,4,0,0,Critical
5,2,3,4,0,0,Critical
2,1,1,0,0,0,Medium
0,0,0,1,0,1,Low
5,0,4,4,1,0,Critical
0,0,0,0,0,0,Low
6,5,3,3,1,1,Critical
0,0,0,1,0,0,Low
0,3,0,2,1,0,High
0,1,0,0,0,0,Low
2,0,1,0,1,0,Medium
0,1,0,0,1,1,Low
3,6,2,3,1,1,Critical
3,1,0,1,0,0,Medium
1,1,0,1,1,1,Medium
6,5,1,2,1,1,Critical
4,1,0,2,1,1,High
0,0,3,1,0,1,Critical
0,3,0,2,1,1,High
1,5,4,1,1,0,Critical
4,0,0,0,0,1,Low
6,1,4,2,1,0,Critical
2,4,1,4,0,0,Critical
1,6,1,0,0,0,Critical
6,4,0,0,0,1,High
0,1,0,0,1,1,Low
0,2,0,0,0,1,Low
3,2,4,4,1,0,Critical
1,0,0,0,0,0,Low
0,2,2,0,0,1,High
6,0,3,1,0,1,Critical
4,1,0,0,0,0,Medium
1,4,0,4,1,0,Critical
2,0,2,0,1,1,High
0,4,1,0,1,0,High
6,6,0,2,1,0,Critical
1,0,0,0,0,1,Low
2,6,0,0,1,1,High
2,0,1,0,0,0,Medium
6,6,0,2,1,1,Critical
1,0,0,0,1,1,Low
2,1,0,1,0,0,Medium
1,2,0,2,1,1,High
0,6,4,2,1,1,Critical
0,2,1,1,0,1,High
6,3,2,4,1,0,Critical
3,3,0,0,1,1,Medium
0,1,0,0,1,1,Low
0,1,0,1,0,0,Medium
0,2,0,0,0,0,Low
3,0,0,0,1,1,Low
4,0,3,4,1,1,Critical
5,4,0,4,1,0,Critical
3,2,0,1,0,1,High
0,1,0,1,0,1,Medium
5,1,0,1,1,0,High
4,5,2,3,0,0,Critical
2,3,1,0,1,0,High
0,3,0,3,1,1,Critical
2,4,1,0,0,1,Critical
2,5,1,1,1,0,Critical
5,3,0,3,0,1,Critical
0,4,3,1,1,1,Critical
3,3,2,2,0,0,Critical
2,0,0,1,1,1,Medium
6,3,0,0,0,0,High
1,3,0,1,1,1,High
4,5,1,2,0,0,Critical
4,0,0,1,0,1,Medium
2,0,2,0,1,0,High
4,1,0,0,1,1,Medium
0,3,3,0,1,1,Critical
1,1,0,0,1,1,Low
3,0,2,0,1,1,High
0,1,0,0,1,0,Low
2,2,0,1,0,0,High
4,5,4,3,0,0,Critical
3,0,1,1,0,1,High
1,1,1,0,0,1,Medium
3,0,0,1,1,1,Medium
0,1,0,0,0,1,Low
0,0,0,0,1,1,Low
3,1,0,2,0,1,High
0,2,1,1,1,0,High
2,0,0,0,0,1,Low
2,2,0,0,0,0,Medium
1,1,0,1,1,1,Medium
4,5,2,3,0,0,Critical
1,1,0,0,0,0,Low
3,0,0,4,1,1,Critical
0,0,2,1,0,0,High
4,0,0,0,1,1,Low
1,0,0,1,1,0,Medium
0,2,3,1,0,1,Critical
2,1,0,0,1,0,Low
0,1,0,2,1,0,High
0,0,0,1,1,1,Low
1,5,0,0,0,0,High
4,2,1,0,1,0,High
2,2,2,3,0,1,Critical
6,0,0,2,1,0,High
1,1,1,1,1,1,High
2,0,2,1,0,1,Critical
3,1,0,1,1,1,Medium
1,6,1,2,0,1,Critical
5,2,0,0,0,1,Medium
4,1,0,0,0,1,Medium
4,0,1,1,1,0,High
0,0,0,0,0,0,Low
1,4,0,0,1,0,Medium
3,0,0,0,0,0,Low
4,0,0,0,0,1,Low
3,0,2,0,0,0,High
5,0,0,0,1,1,Medium
0,5,4,3,1,0,Critical
6,0,1,0,1,1,High
2,0,0,0,0,0,Low
0,2,2,2,0,1,Critical
0,2,1,2,1,0,Critical
1,0,0,0,0,1,Low
2,6,0,0,1,1,High
3,0,0,1,0,1,Medium
3,0,0,0,0,0,Low
3,4,2,4,0,1,Critical
1,0,0,0,1,0,Low
0,0,0,1,0,0,Low
3,0,3,4,0,1,Critical
0,1,0,0,1,0,Low
1,1,0,2,0,0,High
0,2,0,1,1,0,Medium
0,1,0,0,1,1,Low
4,3,2,0,1,0,Critical
2,1,0,0,0,0,Low
4,0,1,0,0,0,Medium
4,5,3,2,1,0,Critical
3,1,4,2,1,0,Critical
1,1,4,2,0,1,Critical
1,1,0,1,1,1,Medium
6,2,0,0,1,1,High
1,3,0,0,1,1,Medium
2,2,4,1,0,0,Critical
4,1,2,1,0,1,Critical
0,5,0,0,0,0,High
4,4,2,2,0,1,Critical
0,2,0,0,1,0,Low
6,6,1,1,0,0,Critical
1,5,0,0,1,1,High
1,2,1,3,1,1,Critical
6,0,3,1,1,0,Critical
2,2,0,0,0,1,Medium
3,2,0,1,1,0,High
0,3,1,0,1,0,High
2,1,1,0,1,0,Medium
3,1,0,1,0,0,Medium
4,3,2,4,1,0,Critical
5,1,0,4,0,0,Critical
