port,service,protocol,risk_level,vulnerability,cve,attack_type,description,recommendation
21,FTP,TCP,High,Anonymous Login,CVE-1999-0497,Brute Force,Unencrypted file transfer,Disable anonymous login and use SFTP
22,SSH,TCP,Medium,Weak Credentials,CVE-2018-15473,Credential Attack,Secure remote login,Use key authentication and MFA
23,Telnet,TCP,Critical,Plaintext Authentication,CVE-2016-10401,MITM Attack,Unencrypted remote shell,Disable Telnet and use SSH
25,SMTP,TCP,Medium,Open Relay,CVE-2019-10799,Spam Abuse,Mail transfer service,Enable SMTP authentication
53,DNS,TCP/UDP,Medium,DNS Amplification,CVE-2020-8616,DDoS Attack,Domain resolution service,Disable recursive queries
67,DHCP,UDP,Medium,Rogue DHCP,CVE-2018-5732,Spoofing,IP address assignment,Restrict DHCP scope
69,TFTP,UDP,High,Unauthenticated File Transfer,CVE-2019-1350,Unauthorized Access,Insecure file transfer,Disable TFTP if unused
80,HTTP,TCP,Medium,XSS/SQL Injection,CVE-2021-41773,Web Exploit,Unencrypted web service,Enable HTTPS and WAF
88,Kerberos,TCP,High,Ticket Forgery,CVE-2020-17049,Privilege Escalation,Authentication service,Patch Kerberos vulnerabilities
110,POP3,TCP,High,Credential Exposure,CVE-2018-19518,Password Theft,Email retrieval protocol,Use POP3S
111,RPCBind,TCP,Medium,RPC Enumeration,CVE-2017-8779,Reconnaissance,Remote procedure calls,Restrict public access
135,MSRPC,TCP,High,Remote Execution,CVE-2021-26414,RCE,Microsoft RPC service,Apply latest patches
137,NetBIOS,TCP/UDP,High,Enumeration,CVE-2017-0143,Reconnaissance,Windows naming service,Disable if unused
139,SMB,TCP,Critical,EternalBlue,CVE-2017-0144,Ransomware,Windows file sharing,Disable SMBv1
143,IMAP,TCP,Medium,Credential Theft,CVE-2020-28018,Authentication Attack,Mail access service,Use IMAPS
161,SNMP,UDP,High,Public Community String,CVE-2017-6736,Enumeration,Network management protocol,Use SNMPv3
389,LDAP,TCP,High,LDAP Injection,CVE-2021-44228,Injection Attack,Directory service,Enable LDAPS
443,HTTPS,TCP,Low,TLS Weak Cipher,CVE-2021-3449,SSL/TLS Attack,Secure web traffic,Use TLS 1.3
445,SMB,TCP,Critical,EternalBlue,CVE-2017-0144,Ransomware,Windows SMB sharing,Patch SMBv1
465,SMTPS,TCP,Medium,Weak Encryption,CVE-2020-7247,Mail Attack,Secure mail transfer,Enable TLS
514,Syslog,UDP,Low,Log Spoofing,CVE-2022-24903,Log Injection,System logging,Restrict log access
587,SMTP Submission,TCP,Medium,Credential Theft,CVE-2019-10799,Email Abuse,Mail submission service,Use authentication
631,IPP,TCP,Medium,Printer Exposure,CVE-2020-10001,Unauthorized Access,Printing service,Restrict printer network
636,LDAPS,TCP,Low,Certificate Weakness,CVE-2020-25709,SSL Attack,Secure LDAP,Use valid certificates
873,Rsync,TCP,High,Anonymous Access,CVE-2017-17434,Data Theft,Remote sync service,Disable anonymous sync
989,FTPS-Data,TCP,Low,Weak TLS,CVE-2019-6111,MITM Attack,Secure FTP transfer,Upgrade TLS
990,FTPS,TCP,Low,Weak TLS,CVE-2019-6111,MITM Attack,Secure FTP service,Use strong ciphers
993,IMAPS,TCP,Low,Weak Cipher,CVE-2020-28018,SSL Attack,Secure email access,Enable TLS 1.3
995,POP3S,TCP,Low,Weak Cipher,CVE-2018-19518,SSL Attack,Secure POP3,Use modern TLS
1433,MSSQL,TCP,Critical,SQL Server RCE,CVE-2020-0618,Database Attack,SQL database service,Restrict external access
1521,Oracle,TCP,Critical,Oracle Exploit,CVE-2022-21587,Database Attack,Oracle database,Patch regularly
1723,PPTP,TCP,High,Weak Encryption,CVE-2018-1000805,VPN Attack,VPN service,Use OpenVPN/WireGuard
1883,MQTT,TCP,High,Unauthenticated Broker,CVE-2017-7650,IoT Attack,IoT messaging protocol,Enable auth
2049,NFS,TCP,High,File Share Exposure,CVE-2019-3689,Data Leak,Network file sharing,Restrict mount access
3306,MySQL,TCP,Critical,Weak Authentication,CVE-2016-6662,Database Attack,MySQL database,Whitelist trusted IPs
3389,RDP,TCP,Critical,BlueKeep,CVE-2019-0708,RDP Attack,Remote desktop service,Enable MFA + VPN
5432,PostgreSQL,TCP,High,DB Exposure,CVE-2019-9193,Database Attack,PostgreSQL database,Disable public access
5900,VNC,TCP,High,Weak Password,CVE-2019-15681,Remote Access Attack,Remote desktop control,Enable password protection
6379,Redis,TCP,Critical,Unauthenticated Access,CVE-2022-0543,RCE,Redis database,Enable authentication
8080,HTTP-ALT,TCP,Medium,Admin Exposure,CVE-2021-41773,Web Attack,Alternative HTTP service,Restrict access
8443,HTTPS-ALT,TCP,Medium,Admin Panel Exposure,CVE-2022-22965,RCE,Secure web admin,Restrict admin login
9200,Elasticsearch,TCP,Critical,Unauthenticated Access,CVE-2021-22132,Data Exposure,Search engine service,Enable auth
27017,MongoDB,TCP,Critical,Public Database,CVE-2019-2386,Data Theft,MongoDB database,Enable authentication